Window Size,SampleRTT,EstimatedRTT,DevRTT,Time (t)
1,0,1,0,0
1,0.002152000088245,0.875268995761871,0.218279257416725,0.00287099997513
2,0.002196999965236,0.766134977340698,0.354693949222565,0.005865000188351
2,0.001366000040434,0.670538902282715,0.4333136677742,0.006976999808103
3,0.003465000074357,0.587154626846314,0.470907658338547,0.010982999578118
3,0.001979999942705,0.514007806777954,0.481187701225281,0.012849999591708
3,0.001212000031956,0.449908345937729,0.473064869642258,0.013892999850214
4,0.005320999771357,0.39433491230011,0.452052116394043,0.01978100091219
4,0.001910999999382,0.345281928777695,0.424881815910339,0.02156800031662
4,0.001820000004955,0.302349179983139,0.393793672323227,0.023200999945402
4,0.000987999956124,0.264679044485092,0.361268013715744,0.02411700040102
5,0.004428999964148,0.232147783041,0.327880710363388,0.029082000255585
5,0.000930999987759,0.203245684504509,0.296489208936691,0.029923999682069
5,0.000904000014998,0.177952975034714,0.266629129648209,0.030758999288082
5,0.000949000008404,0.155827477574348,0.238691478967667,0.031638998538256
5,0.001031999941915,0.136478036642075,0.212880119681358,0.032593999058008
6,0.008251000195742,0.120449662208557,0.187709748744965,0.041172001510859
6,0.001463999971747,0.105576455593109,0.166810423135757,0.042518999427557
6,0.001062000053935,0.092512145638466,0.147970363497734,0.043483998626471
6,0.000855999998748,0.081055127084255,0.131027549505234,0.044270999729633
6,0.000844999973197,0.071028865873814,0.115816630423069,0.045051999390125
6,0.00094200001331,0.062268003821373,0.102193973958492,0.045928001403809
7,0.004759000148624,0.055079378187656,0.089225575327873,0.051444999873638
7,0.000959000026342,0.048314332962036,0.078758016228676,0.052317999303341
7,0.00099400000181,0.042399290949106,0.069419831037521,0.05324500054121
7,0.001270000007935,0.037258129566908,0.061061907559633,0.054425999522209
7,0.001197000034153,0.032750487327576,0.053684800863266,0.055544998496771
7,0.001004999969155,0.028782302513719,0.047207929193974,0.05647100135684
7,0.000905000022613,0.025297639891505,0.041504107415676,0.057301998138428
8,0.005485999863595,0.022821184247732,0.035461876541376,0.06317699700594
8,0.001016999944113,0.020095661282539,0.03136607259512,0.064120002090931
8,0.001139999949373,0.017726203426719,0.027671104297042,0.065200999379158
8,0.001030000043102,0.015639178454876,0.024405622854829,0.066136002540588
8,0.00105199997779,0.013815781101585,0.021495163440704,0.067125000059605
8,0.001199000049382,0.012238683179021,0.018881293013692,0.068233996629715
8,0.001540999975987,0.010901472531259,0.01650108769536,0.06972000002861
8,0.001692999969237,0.009750413708389,0.014390169642866,0.071254998445511
9,0.017327999696136,0.010697612538934,0.012450223788619,0.089541003108025
9,0.001814999966882,0.009587286040187,0.011280739679933,0.091105997562409
9,0.001842999947257,0.008619249798357,0.010154617018998,0.092587999999523
9,0.001898000016809,0.007779093459249,0.009086236357689,0.094397999346256
9,0.002421000041068,0.007109331898391,0.007986759766936,0.096528999507427
9,0.001764000044204,0.006441165693104,0.007159361615777,0.098187997937203
9,0.001861999975517,0.005868769716471,0.006371213588864,0.099872998893261
9,0.001796000055037,0.005359673406929,0.005669328384101,0.101579003036022
9,0.002326000016183,0.004980464465916,0.004915612284094,0.103652998805046
10,0.009016999974847,0.005485031288117,0.004569701384753,0.113672003149986
10,0.001016999944113,0.004926527384669,0.004404657986015,0.114610001444817
10,0.001358999987133,0.004480586387217,0.004083890002221,0.11591300368309
10,0.001205999986269,0.004071263130754,0.003779233433306,0.117003999650478
10,0.001121000037529,0.003702480345964,0.003479795064777,0.118045002222061
10,0.001075000036508,0.003374045249075,0.00318460771814,0.119025997817516
10,0.001306000049226,0.003115539671853,0.002840840723366,0.120286002755165
10,0.001383999944665,0.002899097045884,0.00250940467231,0.121472999453545
10,0.001023999997415,0.002664709929377,0.002292230958119,0.122422002255917
10,0.00128800002858,0.002492621308193,0.002020328538492,0.123352997004986
11,0.013073000125587,0.003815168514848,0.003829704364762,0.136740997433662
11,0.001993000041693,0.003587397513911,0.00327087752521,0.138657003641129
11,0.001456000027247,0.003320972900838,0.002919401507825,0.139962002635002
11,0.001132000004873,0.003047351259738,0.002668388886377,0.140977993607521
11,0.001359999994747,0.002836432307959,0.002370399655774,0.142261996865273
11,0.001280999975279,0.002642003353685,0.002118050586432,0.143442004919052
11,0.001140999956988,0.00245437794365,0.001916882465594,0.144501000642777
11,0.001215000054799,0.002299455692992,0.001708775758743,0.145653992891312
11,0.001396000036038,0.002186523750424,0.001479212776758,0.14690600335598
11,0.001026000012644,0.002041458152235,0.001363274059258,0.14784400165081
11,0.001108999946155,0.00192490092013,0.001226430758834,0.148882001638412
12,0.008888999931514,0.002795413369313,0.002443219767883,0.158138006925583
12,0.001036999979988,0.002575611695647,0.002217067638412,0.159112006425858
12,0.001047000056133,0.002384535269812,0.001997184706852,0.160042002797127
12,0.001008999999613,0.002212593331933,0.001798786805011,0.160973995923996
12,0.000950000016019,0.002054769080132,0.001625282340683,0.161869004368782
12,0.002333000069484,0.002089547924697,0.001279824762605,0.164103001356125
12,0.001564000034705,0.00202385452576,0.001074832165614,0.165133997797966
12,0.001383999944665,0.001943872659467,0.000946092302911,0.166411995887756
12,0.002155000111088,0.001970263663679,0.000755753368139,0.168461993336678
12,0.002175000030547,0.001995855709538,0.000611601106357,0.170470997691154
12,0.002080000005662,0.002006373601034,0.000477107387269,0.172462001442909
12,0.001989000011235,0.002004201989621,0.000361631042324,0.17433799803257
13,0.015886999666691,0.003739551641047,0.00330808525905,0.191683992743492
13,0.002030000090599,0.003525857813656,0.002855028491467,0.193624004721642
13,0.001974999904633,0.003332000458613,0.002480521565303,0.195460006594658
13,0.0023499999661,0.003209250513464,0.002075203694403,0.19768500328064
13,0.002442999975756,0.003113469108939,0.001724020112306,0.199992001056671
13,0.001913000014611,0.002963410457596,0.001555617665872,0.201780006289482
13,0.003319999901578,0.003007984254509,0.001244717277586,0.204661995172501
13,0.002008999930695,0.002883111126721,0.001152065698989,0.206547006964684
13,0.001245000050403,0.002678347285837,0.001222386141308,0.207661002874374
13,0.001670000026934,0.002552303951234,0.001137365587056,0.209185004234314
13,0.001450999989174,0.002414640970528,0.001093934406526,0.210527002811432
13,0.001019999966957,0.002240310888737,0.001125528477132,0.211406007409096
13,0.001190999988467,0.002109146909788,0.001073683146387,0.212580993771553
14,0.01579700037837,0.00382012850605,0.003799480153248,0.228457003831863
14,0.001047999947332,0.003473612479866,0.003456013277173,0.229414999485016
14,0.001170999952592,0.003185785841197,0.003095706459135,0.230515003204346
14,0.001241000019945,0.002942687598988,0.002747201826423,0.231661006808281
14,0.001625000033528,0.00277797668241,0.002348645590246,0.233248993754387
14,0.001267999992706,0.002589229727164,0.00209179148078,0.2343720048666
14,0.001175999990664,0.00241257599555,0.00187798764091,0.235466003417969
14,0.001128999982029,0.002252128906548,0.001689272932708,0.236524000763893
14,0.001247999956831,0.002126612933353,0.001486607943662,0.237681001424789
14,0.000976999988779,0.001982911257073,0.001366433803923,0.238556995987892
14,0.001047999947332,0.001866047270596,0.001229337183759,0.239524006843567
14,0.00092899997253,0.001748916460201,0.001126981922425,0.240376994013786
14,0.000929999980144,0.001646551885642,0.00102437438909,0.241239994764328
14,0.00084400002379,0.001546232844703,0.000943839026149,0.242008998990059
15,0.016325000673533,0.003393578808755,0.003940734546632,0.258774012327194
15,0.001016000052914,0.003096381435171,0.003475646255538,0.259705990552902
15,0.001134000020102,0.002851083641872,0.003036005655304,0.260737001895905
15,0.001844999962486,0.002725323196501,0.002497085137293,0.262540012598038
15,0.001197000034153,0.002534282859415,0.002207134617493,0.263572007417679
15,0.001108999946155,0.002356122480705,0.001967131625861,0.26459801197052
15,0.00115599995479,0.002206107135862,0.001737875398248,0.265673995018005
15,0.001913000014611,0.002169468905777,0.001367523800582,0.267533987760544
15,0.00186700001359,0.002131660236046,0.001091807847843,0.269275009632111
15,0.001597999944352,0.002064952626824,0.000935594085604,0.270729005336761
15,0.001190999988467,0.001955708488822,0.000892872689292,0.27181801199913
15,0.001084999996237,0.001846870058216,0.000860122032464,0.272794991731644
15,0.000906999979634,0.001729386276566,0.000850688084029,0.27360600233078
15,0.000844999973197,0.001618837937713,0.000831475539599,0.274390012025833
15,0.000893999997061,0.001528233173303,0.000782164977863,0.275214999914169
16,0.017501000314951,0.003524829167873,0.00408066669479,0.292659997940063
16,0.00186700001359,0.003317600348964,0.003423149930313,0.294414013624191
16,0.001917000045069,0.003142525441945,0.002873743884265,0.296176999807358
16,0.002073999959975,0.003008959814906,0.002389047760516,0.29814401268959
16,0.002186999889091,0.00290621467866,0.001971589634195,0.300045013427734
16,0.002014999976382,0.002794812899083,0.001673645339906,0.301966995000839
16,0.001795000047423,0.002669836394489,0.0014739431208,0.303613990545273
16,0.001591000007465,0.002534981817007,0.001341452822089,0.305043995380402
16,0.001800999976695,0.002443233970553,0.001166648115031,0.306786000728607
16,0.001285000005737,0.002298454754055,0.001128349802457,0.307904005050659
16,0.000862999993842,0.0021190228872,0.001160268089734,0.308705002069473
16,0.00084799999604,0.001960145076737,0.001148237264715,0.309475004673004
16,0.000957000011113,0.001834751921706,0.001080615911633,0.310387998819351
16,0.001047999947332,0.001736407983117,0.000982563942671,0.311304003000259
16,0.001300000003539,0.001681856927462,0.000832387187984,0.312510013580322
16,0.0008670000243,0.001579999807291,0.000802540336736,0.313308000564575
17,0.019054999575019,0.00376437488012,0.004424561746418,0.332358986139297
17,0.001810000045225,0.003520078025758,0.00374594074674,0.334048986434937
17,0.001850000000559,0.003311318345368,0.003174785058945,0.335777997970581
17,0.002047999994829,0.003153403522447,0.002657439559698,0.337702989578247
17,0.001851000008173,0.002990602981299,0.002277980558574,0.339415997266769
17,0.001965000061318,0.002862402703613,0.001932836021297,0.341257005929947
17,0.001795000047423,0.002728977240622,0.001683121314272,0.342925995588303
17,0.001968000084162,0.00263385521248,0.001428804825991,0.344772011041641
17,0.002184000099078,0.002577623352408,0.001170009374619,0.346850991249084
17,0.002033000113443,0.002509545302019,0.000996643444523,0.348655998706818
17,0.002208000048995,0.002471852116287,0.000813445600215,0.350742995738983
17,0.001522999955341,0.002353245625272,0.000817645632196,0.352115988731384
17,0.001118000014685,0.002198840025812,0.000883444212377,0.353112995624542
17,0.00089600001229,0.002035985002294,0.000947579392232,0.353927999734879
17,0.000926000007894,0.001897236797959,0.000953493756242,0.35479399561882
17,0.000841000000946,0.001765207271092,0.000946172105614,0.355576992034912
17,0.000865000009071,0.001652681385167,0.000906549452338,0.356359988451004
18,0.011598000302911,0.002895846264437,0.002855450613424,0.368434011936188
18,0.001021999982186,0.002661615377292,0.002551491837949,0.369374006986618
18,0.001111999968998,0.002467913553119,0.002252597128972,0.370404988527298
18,0.000946999993175,0.002277799183503,0.002022147644311,0.371275991201401
18,0.001106000039727,0.002131324261427,0.001772941905074,0.372314006090164
18,0.001168000046164,0.002010908909142,0.001540433615446,0.373403012752533
18,0.000921000028029,0.001874670269899,0.001393742742948,0.374249011278152
18,0.001029000035487,0.00176896143239,0.001230297377333,0.375203013420105
18,0.00119400001131,0.001697091269307,0.001048495876603,0.376320987939835
18,0.000989999971353,0.00160870491527,0.000941048143432,0.377223014831543
18,0.00098600005731,0.001530866720714,0.000842002802528,0.378125995397568
18,0.000916999997571,0.001454133423977,0.000765785458498,0.378996998071671
18,0.001020999974571,0.001399991684593,0.000669086992275,0.379956990480423
18,0.001069999998435,0.001358742709272,0.000574000936467,0.380977004766464
18,0.001136000035331,0.001330899889581,0.000479225680465,0.382030010223389
18,0.001206999993883,0.001315412460826,0.00038652238436,0.383165001869202
18,0.001247999956831,0.001306985854171,0.000304638262605,0.384375005960464
18,0.001927000004798,0.001384487608448,0.000364106788766,0.386173009872437
19,0.020619999617338,0.003788926638663,0.004480848554522,0.40700900554657
19,0.001971000107005,0.003561685793102,0.003758307779208,0.408847987651825
19,0.001944000017829,0.003359475173056,0.003172599710524,0.410652011632919
19,0.001860999967903,0.003172165714204,0.002707241103053,0.412391990423203
19,0.001780000049621,0.002998145064339,0.002334967022762,0.414052993059158
19,0.002249999903142,0.00290462677367,0.001914882101119,0.416182994842529
19,0.001221999991685,0.002694298513234,0.001804236206226,0.417237997055054
19,0.001062000053935,0.002490261103958,0.001710242475383,0.418228000402451
19,0.000992999994196,0.002303103450686,0.00161020772066,0.419140011072159
19,0.000901999999769,0.002127965679392,0.001514147152193,0.419977009296417
19,0.000906999979634,0.001975344959646,0.001402696594596,0.420821011066437
19,0.000983000034466,0.001851301756687,0.001269097905606,0.421739995479584
19,0.000976999988779,0.001742014079355,0.001143076922745,0.422650992870331
19,0.000997000024654,0.001648887293413,0.00102027959656,0.423581004142761
19,0.00089000002481,0.001554026384838,0.000931216229219,0.424378007650375
19,0.000897000019904,0.001471898052841,0.000842136738356,0.425188988447189
19,0.001059000031091,0.001420285785571,0.000721924006939,0.426192998886108
19,0.000898999976926,0.001355125103146,0.000655474257655,0.427024990320206
19,0.001025000005029,0.001313859480433,0.000563820591196,0.42799100279808
20,0.022634999826551,0.003979002125561,0.005086864810437,0.450717985630035
20,0.001977999927476,0.003728876821697,0.004252867773175,0.452578991651535
20,0.002106999978423,0.003526142099872,0.003544436534867,0.454546988010407
20,0.001943000010215,0.003328249324113,0.003004639642313,0.456378012895584
20,0.001953999977559,0.003156468272209,0.00255409674719,0.458213001489639
20,0.002129999920726,0.003028159728274,0.002140112454072,0.460215002298355
20,0.002588999923319,0.002973264781758,0.001701150555164,0.462493985891342
20,0.001954999985173,0.002845981623977,0.001498608384281,0.464302986860275
20,0.001954999985173,0.002734608948231,0.001318858470768,0.466134995222092
20,0.00211300002411,0.002656907774508,0.001125120790675,0.468122988939285
20,0.001341999974102,0.00249254424125,0.001131476718001,0.469337999820709
20,0.000933000002988,0.002297601196915,0.001189757836983,0.470183998346329
20,0.001023999997415,0.002138401148841,0.001170918694697,0.471141010522842
20,0.001152000040747,0.002015101024881,0.001093964208849,0.47222900390625
20,0.000926000007894,0.001878963317722,0.001058713998646,0.473091989755631
20,0.001163000008091,0.00178946799133,0.000950652523898,0.474204003810883
20,0.001282999990508,0.001726159476675,0.000823779264465,0.475349009037018
20,0.001164000015706,0.001655889558606,0.00074080680497,0.476375013589859
20,0.00098600005731,0.001572153298184,0.000702143472154,0.477268993854523
20,0.000841000000946,0.001480759121478,0.000686547369696,0.478044003248215
21,0.016882000491023,0.003405914176255,0.003883932018653,0.495094001293182
21,0.002158999908715,0.003250049892813,0.003185711568221,0.497047007083893
21,0.001825000043027,0.003071918850765,0.002701013348997,0.498793989419937
21,0.002264000009745,0.00297092879191,0.002202492207289,0.50094997882843
21,0.002374999923632,0.002896437887102,0.001782228588127,0.503103971481323
21,0.002370999893174,0.002830757992342,0.001451610936783,0.505293011665344
21,0.001026000012644,0.002605163259432,0.001483499072492,0.506223022937775
21,0.001056000008248,0.002411517780274,0.001451503718272,0.50721001625061
21,0.001567000057548,0.002305953064933,0.001273366156966,0.508635997772217
21,0.002212000079453,0.002294209087268,0.00097557681147,0.510766983032227
21,0.001016000052914,0.00213443278335,0.001011290820315,0.511699020862579
21,0.000960999983363,0.0019877536688,0.001015156623907,0.512592017650604
21,0.001254000002518,0.00189603457693,0.000921876053326,0.5137779712677
21,0.001080999965779,0.001794155221432,0.000869695853908,0.51478898525238
21,0.001113999984227,0.001709135831334,0.000801055866759,0.515797972679138
21,0.000968999986071,0.001616618828848,0.000762696610764,0.516650021076202
21,0.000914999982342,0.001528916531242,0.000725501566194,0.517481982707977
21,0.001027000020258,0.001466176938266,0.000653920404147,0.518415987491608
21,0.000984000042081,0.001405904768035,0.000595916528255,0.519307017326355
21,0.000949000008404,0.001348791760392,0.000546885305084,0.520160973072052
21,0.000968999986071,0.001301317708567,0.000493243394885,0.521037995815277
22,0.014569000340998,0.002959778066725,0.003272237954661,0.537014007568359
22,0.001092000049539,0.002726305741817,0.002862754976377,0.538024008274078
22,0.001820000004955,0.002613017568365,0.002345320535824,0.539790987968445
22,0.001248999964446,0.002442515455186,0.002057369332761,0.540893971920013
22,0.001088000019081,0.002273201011121,0.001839327276684,0.541903972625732
22,0.001049999962561,0.002120300894603,0.001647070632316,0.542886018753052
22,0.001134000020102,0.001997013110667,0.001451056217775,0.543976008892059
22,0.001817999989726,0.001974636455998,0.001127451309003,0.545731008052826
22,0.001966000068933,0.001973557053134,0.000847477756906,0.547571003437042
22,0.001810000045225,0.001953112427145,0.000671386427712,0.549199998378754
22,0.001338999951258,0.001876348280348,0.000637876917608,0.550383985042572
22,0.001123000052758,0.001782179810107,0.000643202627543,0.551419973373413
22,0.001271000015549,0.001718282350339,0.000594222510699,0.552610993385315
22,0.001038999995217,0.001633372041397,0.000594259938225,0.55356901884079
22,0.00103299994953,0.001558325486258,0.000577026337851,0.554530024528503
22,0.001096999971196,0.001500659855083,0.000533684680704,0.555558979511261
22,0.001002999953926,0.001438452396542,0.000509126577526,0.556481003761292
22,0.0009190000128,0.00137352081947,0.000495475134812,0.55732798576355
22,0.001073000021279,0.001335955690593,0.000437345297541,0.558337986469269
22,0.001081999973394,0.001304211211391,0.000383561768103,0.559347987174988
22,0.001058000023477,0.001273434842005,0.000341530045262,0.560337007045746
22,0.000930999987759,0.001230630441569,0.000331055169227,0.561182022094727
23,0.025214999914169,0.0042286766693,0.005494872108102,0.586265027523041
23,0.001953999977559,0.003944342024624,0.004618739709258,0.588075995445251
23,0.001968000084162,0.003697299398482,0.003896379610524,0.589879989624023
23,0.001885000034235,0.003470761934295,0.003318725153804,0.591691017150879
23,0.001919999951497,0.003276916686445,0.002828272990882,0.593491971492767
23,0.001755999983288,0.003086802083999,0.002453905297443,0.595125019550324
23,0.001885000034235,0.002936576725915,0.002103323116899,0.596876978874207
23,0.0018380000256,0.002799254609272,0.001817806041799,0.598591029644012
23,0.002631000010297,0.0027782227844,0.001400160253979,0.600865006446838
23,0.001953999977559,0.002675194991753,0.001230418914929,0.602541029453278
23,0.00247299997136,0.002649920759723,0.000967044383287,0.604891002178192
23,0.001898000016809,0.002555930521339,0.000889765913598,0.606653988361359
23,0.002024000044912,0.002489439211786,0.000783684256021,0.60854697227478
23,0.00179000000935,0.002402009442449,0.000740765535738,0.610207974910736
23,0.002166999969631,0.002372633200139,0.000606982444879,0.612255990505219
23,0.001567000057548,0.002271929057315,0.000631469069049,0.613653004169464
23,0.000976999988779,0.00211006286554,0.000756867520977,0.61453902721405
23,0.001190999988467,0.00199518003501,0.00076869566692,0.615710973739624
23,0.001142999972217,0.001888657570817,0.000762936135288,0.616635024547577
23,0.000975999981165,0.001774575328454,0.000771845923737,0.617543995380402
23,0.000957000011113,0.001672378391959,0.000757729052566,0.618431985378265
23,0.001011000014842,0.001589706167579,0.000712973298505,0.619355976581574
23,0.000916999997571,0.001505617867224,0.000681884470396,0.620205998420715
24,0.019088000059128,0.00370341562666,0.004357559606433,0.639126002788544
24,0.001898000016809,0.003477738704532,0.00366310426034,0.640865027904511
24,0.001949000055902,0.003286646446213,0.003081739880145,0.642677009105682
24,0.002475999994203,0.003185315523297,0.002488633617759,0.645018994808197
24,0.001769999973476,0.003008401021361,0.00217607547529,0.646654009819031
24,0.002110000001267,0.002896100981161,0.001828581909649,0.648633003234863
24,0.002063999883831,0.002792088314891,0.001553458510898,0.650592982769012
24,0.00216899998486,0.002714202273637,0.001301394426264,0.652480006217957
24,0.001848999992944,0.002606051973999,0.001165308873169,0.654192984104157
24,0.002017999999225,0.002532545477152,0.001002617995255,0.656114995479584
24,0.002371999900788,0.002512477338314,0.000787082826719,0.658358991146088
24,0.00119400001131,0.002347667701542,0.000878729042597,0.659390985965729
24,0.000893999997061,0.002165959216654,0.00097703654319,0.660216987133026
24,0.000941000005696,0.002012839308009,0.001000737305731,0.661064028739929
24,0.000936999975238,0.001878359355032,0.000985892838798,0.661907017230988
24,0.000944999977946,0.001761689432897,0.000943591934629,0.662760972976685
24,0.001200999948196,0.001691603334621,0.000830344797578,0.663883984088898
24,0.001144999987446,0.001623277901672,0.000742328062188,0.664892017841339
24,0.000883999979123,0.001530868117698,0.000718463095836,0.665714025497437
24,0.000980000011623,0.00146200961899,0.000659349723719,0.666566014289856
24,0.00139200000558,0.001453258446418,0.000509826873895,0.667473018169403
24,0.000895000004675,0.001383476075716,0.000504489173181,0.6682990193367
24,0.001694999984466,0.001422416651621,0.000446512742201,0.669951021671295
24,0.001215000054799,0.001396489562467,0.000380256940844,0.671036005020142
25,0.030874999240041,0.005081303417683,0.006733616814017,0.701187014579773
25,0.002026000060141,0.004699390381575,0.005718560423702,0.703073024749756
25,0.001918000052683,0.0043517164886,0.004897349514067,0.704828023910522
25,0.001964000053704,0.004053251817822,0.00419532507658,0.706520974636078
25,0.003077999921516,0.003931345418096,0.003359830239788,0.70857697725296
25,0.002270000055432,0.003723677247763,0.002883292036131,0.710379004478455
25,0.001902000047266,0.003495967714116,0.002560960827395,0.712146997451782
25,0.00195199996233,0.003302971599624,0.00225846352987,0.713994026184082
25,0.001230000052601,0.00304385018535,0.00214731018059,0.71501100063324
25,0.001112999976613,0.002802493982017,0.002032856224105,0.716036021709442
25,0.001264999969862,0.002610307186842,0.001860968885012,0.717226982116699
25,0.000996000017039,0.002408518921584,0.001748856389895,0.718137979507446
25,0.000974000024144,0.002229203935713,0.001625443343073,0.71900600194931
25,0.000874000019394,0.00205980357714,0.00151553330943,0.719823002815247
25,0.000939999998081,0.001919828006066,0.001381607027724,0.720704972743988
25,0.000880000006873,0.001789849484339,0.001263667596504,0.721525013446808
25,0.000875999976415,0.001675618346781,0.001147655304521,0.722339987754822
25,0.001062000053935,0.001598916016519,0.000994970556349,0.723330020904541
25,0.001087000011466,0.001534926588647,0.000858209503349,0.724345028400421
25,0.000891999981832,0.001454560668208,0.000784297299106,0.725175976753235
25,0.000875999976415,0.001382240676321,0.000714783149306,0.725991010665894
25,0.000874000019394,0.001318710506894,0.000647264998406,0.726787984371185
25,0.00094200001331,0.001271621789783,0.000567854207475,0.727671980857849
25,0.001334000029601,0.001279419055209,0.000439535884652,0.728981018066406
25,0.001564000034705,0.001314991619438,0.000391904002754,0.730395019054413
26,0.024283999577165,0.004186117555946,0.005318398587406,0.756308019161224
26,0.001954999985173,0.003907227888703,0.004476855974644,0.758132994174957
26,0.001759000006132,0.003638699417934,0.003827566746622,0.759769976139069
26,0.001898000016809,0.003421111963689,0.003251453163102,0.761546015739441
26,0.001854000031017,0.00322522292845,0.002781395567581,0.763273000717163
26,0.001959000015631,0.003066945122555,0.002363032894209,0.765093982219696
26,0.001848999992944,0.002914702054113,0.00203870027326,0.766807019710541
26,0.001720999949612,0.002765489276499,0.001790147507563,0.768366992473602
26,0.001626000041142,0.002623053034768,0.001591873937286,0.76985102891922
26,0.001472000032663,0.002479171380401,0.001445698319003,0.770941019058228
26,0.0011269999668,0.002310150070116,0.001380061265081,0.77197802066803
26,0.001077999942936,0.002156131202355,0.001304578734562,0.772976994514465
26,0.000905999972019,0.001999864820391,0.001251900219359,0.773809015750885
26,0.000903000007384,0.001862756791525,0.001178864389658,0.774643003940582
26,0.001173999975435,0.001776662189513,0.001034813816659,0.775748014450073
26,0.00092299998505,0.001669954392128,0.000962848949712,0.776596009731293
26,0.000910000002477,0.001574960071594,0.000888376729563,0.777436017990112
26,0.000925000000279,0.001493715099059,0.000808461336419,0.778293013572693
26,0.000903000007384,0.001419875654392,0.000735564914066,0.77913498878479
26,0.001381000038236,0.001415016246028,0.000560177781153,0.780421018600464
26,0.001978999935091,0.001485514221713,0.000543504778761,0.782314002513886
26,0.001001999946311,0.00142507487908,0.000513397331815,0.783231973648071
26,0.000914999982342,0.001361315604299,0.000496626889799,0.784075975418091
26,0.000913999974728,0.001305401092395,0.000470320432214,0.784919023513794
26,0.000898000027519,0.001254476024769,0.000441859330749,0.785746991634369
26,0.000910000002477,0.001211416441947,0.000406748615205,0.786584973335266
27,0.022192999720574,0.003834114409983,0.004894782789052,0.812699019908905
27,0.008015000261366,0.004356725141406,0.004585655871779,0.820592999458313
27,0.001210000016727,0.003963384311646,0.004127588123083,0.821654975414276
27,0.00109000003431,0.003604211378843,0.003724243957549,0.822659015655518
27,0.002094000112265,0.003415435086936,0.003123541595414,0.824693024158478
27,0.001985999988392,0.003236755728722,0.002655345248058,0.826511025428772
27,0.00186700001359,0.00306553626433,0.002291142940521,0.828234016895294
27,0.001760000013746,0.00290234410204,0.002003943314776,0.829888999462128
27,0.00181899999734,0.002766926074401,0.001739938976243,0.831620991230011
27,0.001912000006996,0.002660060301423,0.001491969334893,0.833346009254456
27,0.001811999944039,0.002554052742198,0.001304490142502,0.835041999816895
27,0.002163999946788,0.002505296142772,0.001063691684976,0.837092995643616
27,0.001930000027642,0.002433384303004,0.000923614832573,0.838908016681671
27,0.001869000028819,0.002362836152315,0.0008161701262,0.84059202671051
27,0.001485000015236,0.002253106562421,0.00080415426055,0.841913998126984
27,0.000989999971353,0.002095218282193,0.00087942025857,0.842842996120453
27,0.000921999977436,0.001948566059582,0.000916206743568,0.843686997890472
27,0.00084400002379,0.001810495276004,0.000928778841626,0.844470977783203
27,0.000838999985717,0.00168905837927,0.000909098715056,0.845229983329773
27,0.000949000008404,0.001596551039256,0.000843711837661,0.84612900018692
27,0.001072000013664,0.001530982204713,0.000747529382352,0.847037971019745
27,0.000854999991134,0.001446484355256,0.000708518142346,0.847832977771759
27,0.000845999980811,0.001371423830278,0.000662744569127,0.848619997501373
27,0.00084400002379,0.001305495854467,0.00061243242817,0.849384009838104
27,0.000891999981832,0.00125380884856,0.00054977653781,0.850194990634918
27,0.000923999992665,0.001212582807057,0.000484478077851,0.851041972637177
27,0.000836000021081,0.00116550992243,0.000445736048277,0.85181599855423
28,0.03065799921751,0.004852071404457,0.006785784382373,0.882497012615204
28,0.001759000006132,0.004465437494218,0.005765947513282,0.884149014949799
28,0.002031000098214,0.004161132499576,0.004856993909925,0.886035025119782
28,0.002009999938309,0.003892241045833,0.00411330582574,0.887925028800964
28,0.001857999945059,0.003637960879132,0.003529969369993,0.889689028263092
28,0.001875999965705,0.003417715895921,0.003032905980945,0.89139598608017
28,0.001775000011548,0.003212376264855,0.002634023549035,0.893028020858765
28,0.001798999961466,0.003035704372451,0.002284693764523,0.894695997238159
28,0.002054000040516,0.002912991214544,0.001928268116899,0.896623015403748
28,0.001840000040829,0.002778867259622,0.001680917921476,0.898352980613709
28,0.001888999948278,0.0026676338166,0.001455346937291,0.900102972984314
28,0.002174000022933,0.002605929737911,0.001199492602609,0.902068972587585
28,0.001939999987371,0.002522688591853,0.00104529154487,0.903886020183563
28,0.00186700001359,0.002440727315843,0.000927400542423,0.905602991580963
28,0.001691999961622,0.002347136382014,0.000859334541019,0.907096982002258
28,0.000923999992665,0.002169244457036,0.000955811992753,0.907957017421722
28,0.000912000017706,0.002012088894844,0.000991881242953,0.908788979053497
28,0.000915999989957,0.001875077723525,0.000983680365607,0.909608006477356
28,0.000979000004008,0.001763068023138,0.000933777308092,0.91050797700882
28,0.000897000019904,0.001654809573665,0.000889785354957,0.911338984966278
28,0.001066999975592,0.001581333344802,0.00079592235852,0.912383019924164
28,0.001927000004798,0.001624541706406,0.000672556343488,0.914188027381897
28,0.001872999942862,0.001655598985963,0.000558767525945,0.915929019451141
28,0.001786999986507,0.001672024140134,0.000447819620604,0.917591989040375
28,0.001759000006132,0.001682896050625,0.000354890682502,0.91923201084137
28,0.001692999969237,0.001684159040451,0.000268378236797,0.920808017253876
28,0.001714000012726,0.001687889220193,0.000207811390283,0.92240297794342
28,0.001653000013903,0.001683528069407,0.000163490549312,0.923922002315521
29,0.025333000347018,0.004639712162316,0.005295939743519,0.949473977088928
29,0.001105000032112,0.004197873175144,0.00474517326802,0.950497984886169
29,0.001019999966957,0.003800638951361,0.004254039842635,0.951442003250122
29,0.000980000011623,0.003448059083894,0.003807544475421,0.95235401391983
29,0.000957000011113,0.003136676736176,0.003400577465072,0.953243970870972
29,0.000956000003498,0.002864092122763,0.003027456114069,0.954141974449158
29,0.001035999972373,0.002635580487549,0.002670487156138,0.95507800579071
29,0.001044000033289,0.002436632988974,0.00235102372244,0.956040024757385
29,0.000983000034466,0.002254928927869,0.002081250073388,0.956950008869171
29,0.000905999972019,0.002086312742904,0.001856015645899,0.957799971103668
29,0.001388999982737,0.001999148633331,0.001544548897073,0.959078013896942
29,0.000916999997571,0.001863880082965,0.001395131694153,0.959918022155762
29,0.00094800000079,0.001749395043589,0.001246697502211,0.960762977600098
29,0.000950000016019,0.001649470650591,0.001109890872613,0.961642980575562
29,0.000965000013821,0.001563911908306,0.000982146128081,0.962538003921509
29,0.000952999980655,0.00148754788097,0.000870246556588,0.963427007198334
29,0.000966000021435,0.001422354369424,0.000766773475334,0.964300990104675
29,0.000913999974728,0.001358810113743,0.000686282641254,0.965140998363495
29,0.000915999989957,0.001303458819166,0.000611576717347,0.965996026992798
29,0.000925000000279,0.001256151474081,0.000541470362805,0.966835975646973
29,0.000858000013977,0.001206382527016,0.000493198400363,0.967629015445709
29,0.000852000026498,0.001162084750831,0.000447419995908,0.968418002128601
29,0.001041000010446,0.001146949129179,0.000362052291166,0.969390988349915
29,0.000831999990623,0.001107580494136,0.000340434344253,0.970158994197845
29,0.000834000005852,0.001073382911272,0.00031517149182,0.970910012722015
29,0.000845999980811,0.001044960110448,0.000286118622171,0.971674978733063
29,0.000834000005852,0.001018590060994,0.000260736473138,0.972431004047394
29,0.0010150000453,0.001018141279928,0.000196337685338,0.973366975784302
29,0.00084400002379,0.000996373593807,0.000185346681974,0.974146008491516
30,0.019682999700308,0.00333220185712,0.004226709716022,0.993507981300354
30,0.001088000019081,0.003051676787436,0.003660951275378,0.994511008262634
30,0.000921000028029,0.002785342046991,0.00321179907769,0.995356023311615
30,0.000937999982852,0.002554424339905,0.002812955295667,0.996218979358673
30,0.001172999967821,0.002381746191531,0.002411903114989,0.997327029705048
30,0.001011000014842,0.002210403094068,0.002108778106049,0.998260974884033
30,0.001104000024498,0.00207210262306,0.001823609229177,0.999297022819519
30,0.001007999991998,0.001939089852385,0.001600479357876,1.00021994113922
30,0.001158999977633,0.001841578632593,0.001371004153043,1.00133299827576
30,0.001455000019632,0.001793256262317,0.001112817204557,1.0024950504303
30,0.001246999949217,0.001724974252284,0.000954106450081,1.00360798835754
30,0.001001999946311,0.001634602434933,0.000873730459716,1.00452995300293
30,0.000999000039883,0.001555152121,0.000794335850514,1.00545704364777
30,0.00096700002905,0.001481633167714,0.000724410172552,1.00634598731995
30,0.001001999946311,0.001421678927727,0.000648227403872,1.00727701187134
30,0.000999000039883,0.001368844066747,0.000578631588724,1.00820696353912
30,0.001031999941915,0.001326738623902,0.000507658347487,1.00916802883148
30,0.001237999997102,0.001315646222793,0.000400155317038,1.01033294200897
30,0.001038999995217,0.001281065517105,0.000360632868251,1.01129102706909
30,0.000877999991644,0.001230682246387,0.00035864522215,1.01209795475006
30,0.000875000027008,0.001186222070828,0.000346789427567,1.01283705234528
30,0.000926000007894,0.001153694232926,0.000317015626933,1.01370298862457
30,0.000827000010759,0.001112857484259,0.000309226103127,1.01446998119354
30,0.001205999986269,0.00112450029701,0.00025229449966,1.01561498641968
30,0.000852000026498,0.00109043775592,0.000248830299824,1.01639902591705
30,0.000952999980655,0.001073257997632,0.000216687243665,1.01728796958923
30,0.001043000025675,0.001069475780241,0.000169134378666,1.01827001571655
30,0.000950000016019,0.001054541324265,0.000152986103785,1.01914203166962
30,0.000913000025321,0.001036848640069,0.000145701749716,1.01998698711395
30,0.00107100000605,0.001041117589921,0.000116746916319,1.02099394798279
31,0.020042000338435,0.003416227875277,0.00424400344491,1.04385304450989
31,0.000988999963738,0.003112824400887,0.003713958431035,1.04477000236511
31,0.001035999972373,0.002853221260011,0.003239774145186,1.04573500156403
31,0.003066000062972,0.002879818668589,0.002476376015693,1.04876697063446
31,0.001796000055037,0.002744341269135,0.00209436728619,1.05043995380402
31,0.00179000000935,0.002625048626214,0.001779537647963,1.05210697650909
31,0.001846999977715,0.002527792472392,0.001504851388745,1.05383503437042
31,0.001854000031017,0.002443568548188,0.001276030670851,1.0555659532547
31,0.001856000046246,0.002370122354478,0.001085553667508,1.05729901790619
31,0.00181100005284,0.002300232183188,0.000936473254114,1.05899500846863
31,0.001768999965861,0.002233828185126,0.000818561995402,1.06064295768738
31,0.002123000100255,0.002219974528998,0.000638165103737,1.06273400783539
31,0.003414999926463,0.0023693528492,0.000740035669878,1.06447398662567
31,0.001949000055902,0.002316808793694,0.000646978907753,1.06624698638916
31,0.001398999942467,0.002202082658187,0.000686004816089,1.06748604774475
31,0.001861999975517,0.002159572206438,0.000588896684349,1.06926000118256
31,0.001132000004873,0.002031125826761,0.000666453968734,1.0703090429306
31,0.000921000028029,0.001892360043712,0.000742680451367,1.07115197181702
31,0.001000000047497,0.001780815073289,0.000752214109525,1.07205605506897
31,0.001029000035487,0.001686838106252,0.000728620099835,1.07301104068756
31,0.001303000026383,0.001638858346269,0.000630429654848,1.07424104213715
31,0.000989999971353,0.00155775109306,0.000614760036115,1.07515394687653
31,0.001337000052445,0.001530157169327,0.000509359349962,1.07644605636597
31,0.002474999986589,0.001648262492381,0.000588703842368,1.07869899272919
31,0.001461999956518,0.001624979777262,0.00048227282241,1.07998204231262
31,0.001081999973394,0.00155710731633,0.000480481423438,1.08098101615906
31,0.00100399996154,0.001487968838774,0.000481353286887,1.08191394805908
31,0.001065999967977,0.001435222802684,0.000453320652014,1.08289694786072
31,0.000869999988936,0.001364569878206,0.000463632954052,1.08370196819305
31,0.000934000010602,0.001310748630203,0.000441911892267,1.0845719575882
31,0.000867999973707,0.001255405135453,0.000428285187809,1.08537304401398
32,0.021677000448108,0.003808104433119,0.004788437858224,1.10634195804596
32,0.0009710000013,0.003453466342762,0.004211944993585,1.10722804069519
32,0.000983000034466,0.00314465817064,0.003699373221025,1.10813701152802
32,0.001210000016727,0.002902825828642,0.003197736339644,1.10927700996399
32,0.000967999978457,0.002660972531885,0.002821545349434,1.11016798019409
32,0.001036999979988,0.002457976108417,0.002471402985975,1.11113405227661
32,0.001827999949455,0.002379229059443,0.001991359516978,1.11296105384827
32,0.001240000012331,0.002236825414002,0.001742726075463,1.11402094364166
32,0.001059000031091,0.002089597284794,0.001564693870023,1.11500704288483
32,0.000957000011113,0.001948022516444,0.001421276014298,1.11589002609253
32,0.001020999974571,0.001832144800574,0.00126874318812,1.11677896976471
32,0.000961999990977,0.001723376684822,0.001141901593655,1.11768305301666
32,0.000986999948509,0.001631329534575,0.001017508562654,1.11859798431396
32,0.001059000031091,0.001559788361192,0.00088832853362,1.11953902244568
32,0.000951000023633,0.001483689877205,0.000799418834504,1.12041997909546
32,0.001020999974571,0.001425853581168,0.000700777512975,1.12136995792389
32,0.00097499997355,0.001369496923871,0.000624207372312,1.12227404117584
32,0.001168000046164,0.001344309770502,0.000512233003974,1.12340295314789
17,0.017441999167204,0.003356521017849,0.00390554452315,1.1452260017395
17,0.001130999997258,0.003078331006691,0.003415991086513,1.14627802371979
17,0.001044000033289,0.002824039664119,0.003007003106177,1.1472430229187
17,0.001047999947332,0.002602034714073,0.002643760992214,1.14821803569794
17,0.000913999974728,0.002391030313447,0.002352078445256,1.14905905723572
17,0.000996000017039,0.002216651570052,0.002069221576676,1.14999294281006
17,0.000908999994863,0.002053195144981,0.001837964984588,1.15082895755768
17,0.000958000018727,0.001916295732372,0.001618047710508,1.15172803401947
17,0.000903000007384,0.001789633766748,0.001435194164515,1.15256202220917
17,0.000929999980144,0.001682179514319,0.001264440477826,1.15341603755951
17,0.000887000001967,0.001582782017067,0.001122275949456,1.15423703193665
17,0.000897000019904,0.001497059362009,0.000991721753962,1.1550669670105
17,0.001350000035018,0.001478676917031,0.000775960565079,1.15633702278137
17,0.0010150000453,0.001420717337169,0.000683399732225,1.15727603435516
17,0.000903000007384,0.001356002641842,0.000625800457783,1.15810704231262
17,0.000921999977436,0.001301752286963,0.000564288406167,1.15895903110504
17,0.000913000025321,0.001253158203326,0.000508255849127,1.15980005264282
18,0.004935999866575,0.001713513513096,0.001186813577078,1.16524195671082
18,0.001002999953926,0.001624699332751,0.001045534969307,1.16615700721741
18,0.001241000019945,0.001576736918651,0.000868085480761,1.16731798648834
18,0.0010229999898,0.001507519744337,0.000772194005549,1.16826295852661
18,0.00098600005731,0.001442329841666,0.000693227979355,1.16917204856873
18,0.000962999998592,0.001382413553074,0.000624774373136,1.17005896568298
18,0.001060000038706,0.001342111849226,0.000539108761586,1.17104601860046
18,0.001052999985404,0.001305972924456,0.000467574776849,1.17202401161194
18,0.001004999969155,0.001268351334147,0.000416518916609,1.17295205593109
18,0.001031999941915,0.001238807337359,0.00036409101449,1.17393505573273
18,0.001044000033289,0.001214456395246,0.00031568238046,1.17486596107483
18,0.001073000021279,0.00119677442126,0.00026770538534,1.17586398124695
18,0.000992999994196,0.001171302632429,0.000245354691288,1.17677998542786
18,0.001001000055112,0.001150014810264,0.00022126971453,1.17770504951477
18,0.001013000030071,0.001132887904532,0.000195924265427,1.17865300178528
18,0.001066999975592,0.001124651986174,0.00016135617625,1.17963302135468
18,0.001025000005029,0.001112195430323,0.000142815988511,1.18057799339294
18,0.00105199997779,0.001104671042413,0.000120279750263,1.1815459728241
19,0.002001000102609,0.001216712174937,0.000286281778244,1.18433499336243
19,0.000987999956124,0.001188123133034,0.000264742120635,1.18525397777557
